insert into organization (id, name) values (1, 'Google Inc');
insert into organization (id, name) values (2, 'Amazon');
insert into organization (id, name) values (3, 'Facebook');
insert into organization (id, name) values (4, 'Netflix');
insert into organization (id, name) values (5, 'DummyOrganization');
insert into department (id, name, organization_id) values (1, 'HR Department', 1);
insert into department (id, name, organization_id) values (2, 'IT', 1);
insert into department (id, name, organization_id) values (3, 'Engineering', 1);
insert into department (id, name, organization_id) values (4, 'Design', 2);
insert into department (id, name, organization_id) values (5, 'IT', 2);
insert into department (id, name, organization_id) values (6, 'Sales', 3);
insert into department (id, name, organization_id) values (7, 'PM Department', 4);
insert into department (id, name, organization_id) values (8, 'Sales', 5);
insert into department (id, name, organization_id) values (9, 'IT', 5);
insert into employee (id, first_name, last_name, position, salary, age, department_id, organization_id) values (1, 'John', 'Smith', 'Developer', 10000, 30, 1, 1);
insert into employee (id, first_name, last_name, position, salary, age, department_id, organization_id) values (2, 'Adam', 'Hamilton', 'Developer', 12000, 35, 1, 1);
insert into employee (id, first_name, last_name, position, salary, age, department_id, organization_id) values (3, 'Tracy', 'Smith', 'Architect', 15000, 40, 1, 1);
insert into employee (id, first_name, last_name, position, salary, age, department_id, organization_id) values (4, 'Lucy', 'Kim', 'Developer', 13000, 25, 2, 1);
insert into employee (id, first_name, last_name, position, salary, age, department_id, organization_id) values (5, 'Peter', 'Wright', 'Director', 50000, 50, 4, 2);
insert into employee (id, first_name, last_name, position, salary, age, department_id, organization_id) values (6, 'Alan', 'Murray', 'Developer', 20000, 37, 4, 2);
insert into employee (id, first_name, last_name, position, salary, age, department_id, organization_id) values (7, 'Pamela', 'Anderson', 'Analyst', 7000, 27, 4, 2);